Name,Date
Jackson Walker,2007-02-08
Greyson Miller,1974-05-11
Diego Molina,1981-08-07
Emma King,2001-04-23
Eli Turner,1982-05-03
Isla Turner,1991-01-03
Freya Foster,1981-07-30
Catherine Williams,1997-10-29
Dexter Turner,1982-05-03
Giselle Smith,2003-01-12
Aaron Davis,1986-03-31
Emi Suzuki,1974-04-29
Valeria Santos,1971-11-06
Devin Harris,1992-06-09
Hudson Turner,1982-05-03
Blake Turner,2002-09-03
Blake Campbell,1990-11-30
Aidan Harris,1972-01-26
Ava Hill,2004-07-28
Isaiah Taylor,2001-09-09
Nicolas Castillo,2002-08-19
Isabella Ramirez,1985-11-02
Aoi Kato,2005-05-12
Isabella Walker,1981-03-05
Carter Harris,1980-03-02
Mateo Rios,1981-04-29
Grace Campbell,1990-11-30
Elizabeth Turner,2000-04-08
Ava Martinez,2005-02-08
Devin Lewis,1973-08-15
Austin Mitchell,1996-09-05
Alexander Turner,1970-08-14
Chloe Hill,1998-12-20
Isla Anderson,1982-03-21
Brayden Baker,1971-12-18
Iris Robinson,2005-10-24
Daisy Williams,1997-10-29
Isabelle Mitchell,1992-01-24
Chloe Robinson,1971-06-08
Gwendolyn Williams,1997-10-29
Ivy Lewis,1973-08-15
Alexander Martinez,1977-07-15
Delaney Mitchell,1992-01-24
Ava Davis,2023-12-03
Austin Martin,1977-09-04
Emma Vasquez,1987-05-05
Felix Lewis,1974-03-09
Takashi Yoshida,2009-02-03
Alejandro Vasquez,1992-09-28
Ian Reynolds,1983-04-25
Ren Suzuki,2001-06-18
Sebastian Rivas,2005-09-29
Danielle Martin,1990-09-28
Georgia Nelson,2000-12-03
Brandon Martin,1977-09-04
Caitlin Peterson,1987-10-03
Mia Walker,1990-04-12
Oliver Robinson,1976-04-29
Hannah Turner,1998-11-23
Ivan Davis,2002-09-03
Zoey King,1997-12-11
Daisy Smith,2003-01-12
Emma Walker,2005-08-30
Hayden Reed,2009-03-13
Isabella Clark,1977-10-17
Caleb White,1975-03-16
Damian Garcia,1991-01-13
Cameron Lewis,1973-08-15
Freya Robinson,1977-12-12
Miguel Lopez,1994-04-10
Colin Lewis,1974-03-09
Sofia Gomez,1976-12-20
Amelia Foster,2005-01-13
Isabella Mitchell,2008-09-12
Felicity Nelson,2000-12-03
Brayden Miller,1974-05-11
Annabelle Reed,2002-07-28
Griffin Brown,1978-08-27
Caleb Walker,2003-08-24
Oliver Davis,1999-05-24
Yuto Fujita,2000-01-09
Hailey Wright,2007-08-11
Destiny Hayes,1989-12-10
Hana Yamamoto,1982-05-03
Griffin Davis,2008-04-16
Javier Soto,1972-01-22
Cameron Garcia,1991-01-13
Lucas Taylor,1986-04-29
Elijah Reynolds,1983-04-25
Camila Diaz,1980-07-17
Akihiro Yamamoto,2005-10-16
Sophia Walker,1996-12-19
Ella Lewis,2023-12-03
Anthony Smith,1990-10-11
Olivia Davis,1979-06-18
Ethan Davis,1971-06-08
Ivy Campbell,1990-11-30
Caleb Turner,2002-09-08
Noah Anderson,2002-12-07
Chelsea Smith,2003-01-12
Hunter Bennett,1990-09-01
Harrison Lewis,2008-04-16
Valentina Acosta,1996-03-26
Henry Turner,1994-03-17
Miguel Ramirez,2009-03-03
Alyssa Anderson,1992-03-21
Maria Lopez,2008-07-10
Genevieve Lewis,1973-08-15
Iris Turner,1974-03-09
Anthony White,1973-11-03
Dakota Turner,1976-07-20
Hannah Mitchell,1992-01-24
Grace Smith,2005-03-01
Faith Lewis,1973-02-06
Hailey Reed,2005-07-28
Aya Suzuki,2005-10-16
Bethany Robinson,1977-12-12
Yuta Kimura,1999-02-11
Brianna Harris,1992-06-09
Freya Hayes,1989-12-10
Farrah Turner,2001-07-15
Abigail Foster,1981-07-30
Gavin Martinez,1977-07-15
William Robinson,2006-06-05
Bella Brown,2006-09-09
Aaron Taylor,1999-03-21
Flynn White,1973-11-03
Brooke Foster,1997-01-07
Addison Carter,1984-06-29
Yuki Sato,1987-09-29
Frederick Thompson,2002-08-18
Yuki Kobayashi,2007-12-19
Yuna Nakamura,2009-03-03
Griffin Martin,1990-09-28
Faith Campbell,1990-11-30
Hunter White,1975-03-16
Gabrielle Lewis,1974-03-09
Samuel Harris,2005-08-15
Delaney Turner,2005-10-24
Griffin Foster,1997-01-07
Carter Carter,1984-06-29
Ethan Adams,1993-07-17
Kaede Ogawa,2010-03-19
Mei Yamashita,1992-10-16
Dylan Carter,1984-06-29
Brooke Anderson,1982-03-21
Valeria Ortega,1989-11-22
William Carter,2006-09-10
Isaiah Miller,1974-05-11
Erin Peterson,1987-10-03
Benjamin Robinson,1972-12-07
Miguel Silva,2003-05-05
Freya Mitchell,2008-09-12
Lily Anderson,1992-10-16
Eric Baker,1971-12-18
Donovan Walker,1996-08-07
Olivia Robinson,1987-12-20
Ivy Smith,2003-01-12
Greyson Smith,1980-02-22
Camila Jimenez,1998-05-14
Delilah Bennett,1979-04-17
Ella Turner,1995-03-19
Emma Bennett,2005-10-24
Harper Carter,1998-04-19
Hudson Mitchell,1989-06-29
Benjamin Taylor,1999-03-21
Ethan Lewis,1974-03-09
Olivia Harris,2008-06-15
Cooper Bennett,1990-09-01
Colin Davis,1986-03-31
Ava Martin,1978-01-15
Farrah Foster,1997-01-07
Giselle Davis,1985-04-06
Harrison Harris,1994-04-21
Giselle Lewis,1978-11-22
Holden Reynolds,1983-04-25
Noah Taylor,1991-12-19
Ava Walker,1977-11-17
Bailey Mitchell,2008-09-12
Andrew Bennett,1990-09-01
Holden Taylor,2007-07-15
Colton Turner,2002-09-03
Henry Walker,2008-01-29
Bailey Nelson,2000-12-03
Emma Campbell,1990-11-30
Danielle Turner,2005-10-24
Ren Yamamoto,1976-05-14
Chloe Harris,2000-08-25
Chelsea Turner,2000-11-15
Emma Davis,1985-04-06
Alyssa Harris,2008-12-30
Georgia Carter,1976-09-16
Heidi Lewis,1973-08-15
Takumi Sato,2005-10-16
Eric Carter,1984-06-29
Jackson Adams,2000-01-09
Juan Vargas,2008-07-03
Evan Lewis,2008-04-16
Alexander Harris,1994-05-31
Grayson Mitchell,1989-06-29
Gabriel Robinson,1972-12-07
Brayden Walker,1996-08-07
Jackson Wilson,1973-10-26
Mateo Gomez,2004-07-25
Cassidy Turner,2001-07-15
Gabriela Luna,1978-01-13
Ellie Turner,1998-11-23
Dakota Lewis,1978-11-22
Daisy Harris,1994-05-31
Emily Reed,2009-03-13
Harper Campbell,1990-11-30
Sora Suzuki,2009-08-28
Emma Lewis,1973-02-06
Gabriel Garcia,1991-01-13
Noah Walker,2001-06-18
Flynn Reed,2009-03-13
Jackson Moore,2002-01-09
Elijah Foster,1994-02-04
Emma Carter,1998-04-19
Caleb Clark,2007-05-14
Andrew Garcia,1991-01-13
Christopher Reynolds,1983-04-25
Danielle Davis,1992-06-09
Sophia Adams,1987-04-24
Isabelle Nelson,2000-12-03
Iris Reed,2009-03-13
Haruhiro Kato,2006-06-05
Kaito Saito,1998-08-25
Isaiah Foster,1997-01-07
Hailey Davis,1985-04-06
Genevieve Thompson,2002-08-18
Austin Foster,1993-06-14
Zoey Davis,1980-10-02
Juan Herrera,2006-02-23
Flynn Turner,2002-09-03
Zoey Adams,1995-11-06
Emily King,1992-11-19
Ava Moore,1996-06-11
Andres Acosta,2006-06-12
Ashley Reed,2009-03-13
Juan Reyes,1970-08-30
Sophia King,2002-12-11
Yui Nakamura,2006-02-01
Cassidy Foster,1997-01-07
Cornilious James,2023-12-02
Caroline Carter,1976-09-16
Harrison Robinson,1972-12-07
Ian Carter,1984-06-29
Eric Mitchell,1989-06-29
Isabella Turner,2000-11-15
Frances Harris,1988-06-25
Henry Robinson,2008-01-29
Christopher Ranoldo,2023-12-02
Riku Yamada,1982-01-22
Finley Turner,1970-08-14
Yuna Yamaguchi,2001-06-18
Hazel Robinson,2005-10-24
Lucas Walker,1989-05-26
Daniel Walker,1972-07-17
Isabelle Robinson,2003-07-04
Ava Miller,1971-10-08
Devin Anderson,1982-03-21
Brian Turner,1999-03-21
Fernando Robinson,1972-12-07
Gabriela Torres,1995-12-20
Benjamin Mitchell,1985-04-12
Faith Carter,1976-09-16
Ava Robinson,1971-06-08
Emily Taylor,2001-09-09
Isabella King,2010-08-13
Ian Turner,1982-05-03
Catherine Carter,1998-04-19
Felix Davis,1999-05-27
Sora Yamaguchi,2008-04-29
Mason Turner,2008-02-01
Blake Brown,1978-08-27
Eric White,1975-03-16
Liam Anderson,2005-07-16
Fiona Davis,1988-02-22
Christopher Lewis,1973-08-15
Courtney Lewis,1978-11-22
Emma Hayes,1989-12-10
Cooper Brown,1978-08-27
Adrian Moreno,1991-09-08
Mia Harris,1978-04-06
Henry Anderson,1990-01-11
Alice Turner,2008-04-16
Damien Lewis,1973-08-15
Greyson Robinson,2002-09-03
Adam Turner,2001-07-15
Adam Harris,1987-04-01
Gabrielle Peterson,1987-10-03
Logan Walker,1991-03-30
Daniel Campbell,1990-11-30
Finn Turner,1976-10-07
Delaney Foster,1997-01-07
Henry Moore,1973-07-02
Christian Harris,1994-05-31
Eli Smith,1980-02-22
Brooklyn Robinson,2003-07-04
Freya Smith,2003-01-12
Nicolas Jimenez,1993-04-15
Isabella Robinson,2005-10-14
Gemma Harris,1994-05-31
Sofia Jimenez,1977-06-12
Harper Bennett,1979-04-17
Cassidy Robinson,2003-07-04
Evelyn Wright,2007-08-11
Alexander Lewis,1973-02-06
Erin Turner,1991-01-03
Allison Taylor,2001-09-09
Felicity Bennett,1979-04-17
Carter Reed,2009-03-13
Isaac Lewis,2008-04-16
Delilah Turner,1999-03-21
Delilah Reed,2009-03-13
Gabrielle Robinson,2005-10-14
Riku Yamamoto,2003-08-24
Sofia Montoya,1994-08-19
Diego Mendoza,2001-11-06
Brooklyn Harris,1994-05-31
Brandon Foster,1994-02-04
Cassidy Mitchell,1992-01-24
Griffin Walker,1996-08-07
Courtney Turner,1991-01-03
Gemma Davis,1986-03-31
Daniel Anderson,1989-01-14
Gregory Bennett,1979-09-23
Ella Adams,1987-01-19
Benjamin Martinez,2006-05-14
Gabriella Lewis,1974-03-09
Rina Yamashita,2009-10-07
Destiny Martin,1980-03-02
Emma Johnson,1982-09-28
Hayden Taylor,2001-09-09
Griffin White,1973-11-03
Carter Mitchell,1989-06-29
Ethan Taylor,2007-07-28
Ivan Mitchell,1989-06-29
Ethan Harris,1996-03-22
Lucia Ortega,2003-11-28
Farrah Davis,1985-04-06
Delaney Bennett,1987-04-01
Hazel Anderson,1982-03-21
Isabella Vega,1979-11-17
Giselle Turner,1991-01-03
Farrah Robinson,2005-10-14
Valentina Reyes,1973-02-18
Freya Wright,2007-08-11
Bryce Turner,2001-07-15
Delilah Brown,2006-09-09
Hailey Turner,2000-11-15
Gabriel Harris,1982-01-26
Hayes Baker,1971-12-18
Lily Martinez,1996-12-19
Isabella Bennett,1990-09-01
Genevieve Robinson,2003-07-04
Logan Garcia,2003-12-07
Bella Robinson,1971-06-08
Oliver Walker,2001-09-29
Franklin Davis,1988-02-22
Felix Turner,1990-09-01
Bella Foster,1997-01-07
Hope Harris,1988-06-25
Evan Robinson,1972-12-07
Destiny Martinez,1977-07-15
Zoey Taylor,1995-07-09
Sakura Ishikawa,2002-11-22
Takashi Yamamoto,2007-02-08
Bailey Turner,2005-10-24
Franklin Martin,1977-09-04
Graham Taylor,2007-07-15
Ivan Turner,1976-07-20
Declan Harris,1996-03-22
Camila Montoya,2002-09-03
Destiny Turner,2000-11-15
Zoey Miller,1979-05-24
Maria Gonzalez,1997-05-14
Mia Robinson,1980-09-12
Valeria Castro,1970-10-17
Yui Nakajima,2004-11-13
Isla Peterson,1987-10-03
Finn Smith,1980-02-22
Austin Robinson,1975-10-18
Jackson Hill,1976-06-01
Brianna Williams,1997-10-29
Amelia Turner,2000-11-15
Clara Nelson,2000-12-03
Garrett Harris,1996-03-22
Emma Harris,1994-05-31
Hunter Smith,1980-02-22
Emma Robinson,2005-10-24
Blake Davis,1985-04-06
Franklin Martinez,1977-07-15
Holden Foster,1997-01-07
Taro Suzuki,1973-12-20
Ian Garcia,1991-01-13
Alejandro Gonzalez,2001-03-24
Mason Hill,1997-10-07
Erin Mitchell,1992-01-24
Ariana Turner,1999-06-11
Delaney Thompson,2002-08-18
Benjamin Clark,1993-03-05
Georgia Mitchell,1992-01-24
Liam Walker,1996-10-18
Camila Santos,1996-08-15
Destiny Foster,1975-11-18
Ethan Walker,1996-08-07
Amelia White,2006-02-03
Alex Reynolds,1983-04-25
Valentina Fernandez,2004-12-13
Liam Moore,1997-10-27
Florence Williams,1997-10-29
Isabelle Foster,1981-07-30
Bailey Miller,1971-10-08
Amelia Hayes,1989-12-10
Jackson Turner,1977-07-28
Hudson Davis,1999-05-27
Alice Taylor,1989-02-13
Benjamin Adams,2009-09-13
Flynn Lewis,1974-03-09
Jackson Robinson,2009-08-28
Scarlett Harris,2000-09-21
Ava Adams,2005-02-08
Aiden Walker,1994-08-07
Oliver King,1973-12-20
Adrian Sanchez,1995-02-18
Gabrielle Bennett,1990-09-01
Mateo Reyes,1989-09-22
Benjamin King,2001-07-26
Greyson Reed,2009-03-13
Bradley Harris,1996-03-22
Bradley Martinez,1977-07-15
Gabrielle Brown,2006-09-09
Harrison Martin,1990-09-28
Delilah Wright,2007-08-11
Olivia Clark,2008-02-18
Derek Taylor,1979-05-01
Derek Miller,1971-10-08
Nicolas Herrera,2006-02-01
Emily Robinson,2005-10-14
Daisy Carter,1998-04-19
Aiden Clark,1978-06-17
Claire Turner,2008-04-16
Olivia Walker,1975-11-28
Ivy Baker,1971-12-18
Aya Yamada,2006-11-06
Ana Ramirez,1990-06-05
Garrett Carter,1984-06-29
Alejandro Navarro,1975-02-11
Kenta Watanabe,2004-09-10
Eric Bennett,1990-09-01
Lucas Turner,2009-04-06
Benjamin Turner,1982-05-03
Brian Davis,1999-05-27
Ryota Yamaguchi,1992-12-07
Gabrielle Reed,2005-07-28
Ivan Smith,1980-02-22
Yuka Nakamura,2004-07-28
Yuka Watanabe,1989-07-28
Aiden Robinson,1982-01-22
Colton Davis,1999-05-27
Ariana Lewis,1973-08-15
Hiroki Yamaguchi,1990-07-26
Finley Martin,1990-09-28
Ava Bennett,1989-04-26
Isabella Silva,1982-07-28
Bradley Lewis,1973-08-15
Grace Walker,2009-03-19
Lucia Perez,2003-12-29
Haruhiro Yamaguchi,1989-04-06
Daniel Brown,1976-10-20
Chelsea Davis,1992-06-09
Mason Harris,1993-02-27
Alexis Bennett,1979-04-17
Mateo Lopez,1997-08-15
Ivy Robinson,1977-12-12
Allison Mitchell,2008-09-12
Ellie Davis,1988-02-22
Fiona Turner,1999-03-21
Isaac Walker,1996-08-07
Grace Harris,1985-05-12
Aiden Smith,1980-02-22
Liam Brown,2000-11-15
Ellie Brown,2006-09-09
Cameron Martin,1977-09-04
Flynn Miller,1971-10-08
Aria Smith,2011-04-03
Grace Turner,1974-03-09
Isaiah White,1973-11-03
Daisy Bennett,1989-04-26
Derek Bennett,1979-09-23
Destiny Mitchell,2008-09-12
Haruka Watanabe,1991-10-08
Garrett Turner,2001-07-15
Oliver Hill,1991-07-25
Carter Smith,1980-02-22
Destiny Harris,1988-06-25
Nao Yamamoto,1999-04-24
Delilah Peterson,1987-10-03
Isabella Harris,1978-10-27
Aaron Walker,1996-08-07
Harmony Carter,1976-09-16
Sofia Hernandez,1990-06-12
Dexter Smith,1980-02-22
Valeria Navarro,1998-02-28
Harmony Williams,1997-10-29
Daisy Turner,2000-04-08
Grace Carter,1998-04-19
Hayden Thompson,2002-08-18
Felix Miller,1971-10-08
Blake Bennett,1990-09-01
Harrison Martinez,1977-07-15
Ella Robinson,1977-12-12
Rina Yamamoto,2008-09-10
Kaede Ishikawa,1999-06-12
Caleb Wilson,1980-03-08
Fiona Harris,1994-05-31
Alexis Wilson,2006-09-09
Noah Turner,2003-05-24
Aya Kobayashi,1998-10-30
Ivan Foster,1993-06-14
Catherine Davis,2005-10-14
Gemma Anderson,1982-03-21
Lucas Davis,1994-01-19
Iris Hayes,1989-12-10
Freya Bennett,1990-09-01
Zoey Turner,1994-02-01
Emily Walker,2004-12-08
Kaito Sato,1993-11-14
Cameron Turner,1976-07-20
Yuna Watanabe,1979-09-13
Harper Turner,1974-03-09
Finley Brown,1978-08-27
Hunter Miller,1971-10-08
Franklin Taylor,2007-07-15
Andrew White,1975-03-16
Ryota Yamamoto,1981-07-17
Frederick Bennett,1979-09-23
Emma Anderson,1989-09-03
Alyssa Davis,1988-02-22
Alejandro Rios,2008-03-08
Bradley Foster,1975-11-18
Sophia Turner,2003-06-23
Greyson Taylor,2001-09-09
Brianna Lewis,1974-03-09
Mia Turner,1991-05-14
Sophia White,2002-03-14
Flynn Carter,1984-06-29
Emily Bennett,1990-09-01
Bennett Davis,1988-02-22
Ethan Garcia,1991-01-13
Ian Brown,1978-08-27
Ethan Turner,1999-03-21
Ashley Turner,1984-03-19
Abigail Turner,2001-04-27
Yuto Kobayashi,1989-05-26
Sakura Kobayashi,1974-08-07
Farrah Reed,2005-07-28
Damien Mitchell,1989-06-29
Maria Guerrero,1984-04-29
Eli Thompson,2002-08-18
Harrison Walker,1996-08-07
Cassidy Thompson,2002-08-18
Brooklyn Wright,2007-08-11
Yuna Ishikawa,1985-11-22
Fernando Garcia,1991-01-13
Mei Kobayashi,1979-05-24
Noah Harris,2003-02-18
Addison Brown,1978-08-27
Chloe Smith,1993-11-30
Aaron Robinson,1972-05-20
Harmony Turner,1999-03-21
Brayden White,1973-11-03
Fernando Foster,1995-11-25
Brianna Bennett,1990-09-01
Bella Turner,2002-09-08
Gabriella Turner,1998-11-23
Micron Delles,2023-12-03
Isabelle Lewis,1978-11-22
dan dan,1982-01-22
Erin Davis,1986-03-31
Ella Davis,1988-02-22
Ella Walker,1979-09-13
Noah White,1996-12-03
Gwendolyn Davis,1988-02-22
Hana Ogawa,1995-02-18
Brayden Turner,2008-04-16
Chloe Adams,2004-06-12
Cooper Harris,1982-01-26
Ian Williams,1997-10-29
Bella Davis,1988-02-22
Isabella Mendoza,1992-06-24
Caroline Foster,1975-11-18
Hope Thompson,1992-05-14
Ellie Mitchell,2008-09-12
George Foster,1994-02-04
Andrew Turner,1976-07-20
Samuel Walker,1982-03-03
Dominic Lewis,1977-12-12
Kaito Kobayashi,1999-08-19
Fiona Foster,1980-03-02
Austin Turner,2002-09-03
Ivy Carter,1976-09-16
Isaac Turner,1994-03-17
Bradley Reynolds,1983-04-25
Evan White,1973-11-03
Graham Lewis,1977-12-12
Eli Bennett,1979-09-23
Garrett Foster,1995-11-25
Freya Harris,1994-05-31
Isaac Martinez,1977-07-15
Ava Anderson,1975-02-15
Addison Robinson,2004-05-28
Delaney Robinson,2003-07-04
Chloe Turner,2005-10-24
William Harris,1987-02-01
Amelia Rodriguez,1995-04-12
Noah Robinson,2006-06-23
Yuki Ito,1990-04-12
Andres Rojas,1991-01-29
Caitlin Foster,1981-07-30
Bianca Foster,1981-07-30
Chloe Moore,1971-09-13
Zoey Robinson,2000-10-18
Bailey Thompson,1992-05-14
Grayson White,1975-03-16
Brandon Davis,1986-03-31
Lucas Torres,2009-10-30
Isaac Harris,1996-03-22
Valentina Rodriguez,2005-12-07
Daniel Serrano,1974-03-19
Fiona Peterson,1987-10-03
Elizabeth Miller,1974-05-11
Eric Taylor,2007-07-15
Chelsea Robinson,1977-12-12
Bailey Carter,1984-06-29
Lily Davis,1994-10-27
Alexander Baker,1971-12-18
Flynn Davis,1992-06-09
Ivan White,1975-03-16
Dylan Turner,1998-11-23
Andres Flores,2004-03-19
Takumi Suzuki,2023-12-03
Diego Perez,1993-04-01
Hazel Turner,2000-04-08
Ivy Wright,2007-08-11
Taro Nakamura,1992-08-14
Emily Adams,1992-02-18
Colin Miller,1971-10-08
Javier Gutierrez,1971-10-27
Damien Martin,1977-09-04
Lily Turner,2009-09-13
Isaac Bennett,1989-04-26
Isaiah Martin,1990-09-28
Harper Brown,1978-08-27
Donovan Foster,1995-11-25
Sora Ishikawa,1996-12-03
Hiroshi Tanaka,1998-04-15
Fiona Mitchell,1992-01-24
Bennett Turner,2001-07-15
Jackson Harris,1998-06-18
Ian Harris,1982-01-26
Harmony Nelson,2000-12-03
Georgia Davis,1971-06-08
Felicity Brown,2006-09-09
Ellie Bennett,1979-04-17
Scarlett Adams,1988-10-27
Ivan Robinson,2002-09-03
Sakura Takahashi,2005-11-17
Samuel Turner,1998-06-24
Elizabeth Anderson,1982-03-21
Eric Miller,1971-10-08
Haruhiro Ishikawa,1977-06-12
Emi Nakajima,2001-07-03
Akira Yamada,1988-05-03
Claire Harris,1988-06-25
Ava Campbell,2001-11-30
Freya Turner,2000-04-08
Mei Yamamoto,1987-09-29
Gabriel Turner,1982-05-03
Harmony Lewis,1974-03-09
Noah Martinez,1988-05-03
Isabella Hill,2004-11-13
Dominic Reynolds,1983-04-25
Caroline Wright,2007-08-11
Damien Taylor,2007-07-15
Scarlett Smith,1984-01-29
Abigail Lewis,1974-03-09
Hiroshi Watanabe,1984-02-27
Hope Foster,1995-11-25
Aiden King,1979-07-26
Gabriella Mitchell,2008-09-12
emma hill,2023-12-03
Lily Harris,1993-11-06
Hana Kobayashi,2000-02-01
Benjamin Lewis,1974-03-09
Aria Turner,1990-04-23
Bianca Robinson,2005-10-24
Fiona Robinson,2005-10-24
Ashley Foster,1997-01-07
Ethan Miller,1989-07-21
Samuel Robinson,1999-06-12
Nao Sasaki,2006-10-16
Zoey Smith,1983-12-18
Thomas Anderia,2023-12-02
Sofia Lara,1987-04-06
Emma Hill,2023-12-13
Ivy Martin,1977-09-04
Hailey Robinson,2005-10-14
Hazel Smith,2003-01-12
Brian Miller,1971-10-08
Farrah Taylor,2001-09-09
Graham Baker,1971-12-18
Brandon White,1975-03-16
Chloe Mitchell,1985-04-12
Adrian Taylor,1988-09-08
Gavin Harris,1994-04-21
Audrey Martin,1990-09-28
Liam Harris,1999-08-19
Evan Turner,2001-07-15
Henry Davis,1989-07-28
Zoey White,2010-09-10
Hayden Carter,1984-06-29
Brian Harris,1994-04-21
Adam Bennett,1975-11-18
Yui Miyazaki,1994-04-15
Natsumi Tanaka,1983-11-22
Dylan Bennett,1990-09-01
Brooke Harris,1988-06-25
Brianna Martin,1990-09-28
Benjamin Hill,2009-10-07
Hayden Turner,2001-07-15
Claire Hayes,1989-12-10
Bennett Thompson,2002-08-18
Hazel Bennett,1989-04-26
Gabriel Reynolds,1983-04-25
Emma Alvarez,1978-12-30
Ryota Sato,2010-11-17
Scarlett Scott,2009-10-02
Gemma Bennett,1979-04-17
Riku Miyamoto,1986-04-29
Cameron Foster,1993-06-14
Ren Yoshida,1977-09-13
Dominic Foster,1994-02-04
Daniel Martinez,1982-09-28
Nao Suzuki,2009-03-19
Devin Davis,1985-04-06
Benjamin Harris,1982-01-26
Cooper Martin,1980-03-02
Florence Thompson,1992-05-14
Greyson Turner,1976-07-20
Alan Taylor,1979-05-01
Isaac Davis,1999-05-27
Ariana Williams,1997-10-29
Christian Lewis,1973-02-06
Mason Robinson,1991-03-10
Eric Turner,2001-07-15
Delilah Lewis,1974-03-09
Henry Hill,2004-05-05
Isla Davis,1986-03-31
Christopher Robinson,1972-12-07
Emma Turner,1974-03-09
Harrison Davis,1988-02-22
Beth Turner,2000-04-08
Carter Taylor,2007-07-15
Carter Walker,1996-08-07
Flynn Walker,1996-08-07
Hunter Turner,1976-07-20
Hunter Foster,1993-06-14
Georgia Robinson,2002-09-03
William White,1978-08-26
Liam Adams,1998-10-30
Alyssa Turner,1998-11-23
Gabrielle Turner,1999-03-21
Audrey Robinson,1977-12-12
Sophia Anderson,2000-01-17
Olivia Hill,2005-07-16
Lily Robinson,2005-07-16
Damien Turner,1994-03-17
Emily Martinez,1986-11-14
Mason Walker,2009-11-13
Emma Mendez,2006-05-24
Damian Robinson,1972-12-07
Sakura Yamada,1976-05-14
Isaiah Turner,2001-07-15
Logan Davis,1995-04-23
Franklin Lewis,2008-04-16
Brayden Smith,1980-02-22
Amelia Carter,2005-10-14
Addison Turner,1974-03-09
Colin Taylor,1979-05-01
Lucas Harris,1995-05-12
Connor Martinez,1977-07-15
Sophia Clark,2007-12-19
Evan Foster,1995-11-25
Sofia Gutierrez,2007-11-14
Evan Martinez,1977-07-15
Colin Bennett,1987-04-01
Dylan Mitchell,1985-04-12
Gabriela Rios,1986-02-11
Freya Davis,1988-02-22
Ariana Carter,2007-04-19
Oliver Adams,1992-08-25
Flynn Taylor,1979-05-01
Ava Turner,2005-10-24
Gabrielle Wright,2007-08-11
Bennett Foster,1993-06-14
Eric Martin,1977-09-04
Christian Turner,1976-10-07
Ren Ito,1991-06-12
Chloe Walker,2008-04-29
Destiny Robinson,2002-09-03
Mia Moore,1974-08-29
Brooke Hayes,1989-12-10
Hope Peterson,1987-10-03
Grace Clark,1992-09-22
Christopher Turner,1999-03-21
Eli Foster,1981-07-30
Gwendolyn Lewis,1973-02-06
Delaney Davis,1988-02-22
Chloe Davis,1988-02-22
Hudson Robinson,2002-09-03
William Turner,2003-03-02
Sakura Nakamura,2009-11-03
Ellie Nelson,2000-12-03
Aiden Harris,1996-03-22
Logan Smith,2007-09-21
Ivan Taylor,2007-07-15
Ava Mitchell,1992-01-24
Chloe Bennett,1989-04-26
Bradley Turner,1994-03-17
Daisy Foster,1997-01-07
Damien Harris,1980-03-02
Forgeman Kinderlan,2023-12-02
Adrian Hernandez,1978-12-30
Mia Davis,2005-10-16
Jackson Miller,1976-11-14
Brooklyn Turner,2008-04-16
Andrew Davis,1971-07-25
Aoi Suzuki,1991-11-13
Ella Taylor,1975-08-15
Harrison Garcia,1991-01-13
Daniel Davis,1999-01-19
Rina Yamaguchi,2007-09-21
Christopher Harris,1994-04-21
Cassidy Bennett,1979-04-17
Finley Mitchell,1989-06-29
Riku Yamashita,1986-01-29
Yuki Ishikawa,2010-09-10
Camila Martinez,2007-05-31
Franklin White,1975-03-16
Christian White,1973-11-03
Bella Smith,2003-01-12
Ella Thompson,1992-05-14
Frederick Reynolds,1983-04-25
Aaron Foster,1995-11-25
Lucas Garcia,1989-06-18
Lily Adams,2001-12-19
Isabella Reed,2005-07-28
Felix Harris,1996-03-22
Bennett Martin,1980-03-02
Hiroshi Kato,1992-10-16
Ryota Fujita,1986-02-11
Aoi Ito,1995-04-23
Elizabeth Lewis,1974-03-09
Brayden Taylor,2007-07-15
Aiden Turner,2004-09-10
Logan Hill,1999-08-25
Isabella Brown,2006-09-09
Eli Taylor,1979-05-01
Frances Turner,1991-01-03
Bella Bennett,1989-04-26
Diego Alonso,1980-09-13
Amelia Davis,1992-06-09
Erin Smith,2003-01-12
Autumn Nelson,1998-12-03
Hope Davis,1986-03-31
Gabriel Miller,1971-10-08
Yui Kobayashi,1975-08-15
Bethany Carter,2005-10-14
Ava Lewis,1978-11-22
Isabella Miller,1971-10-08
Erin Foster,1997-01-07
Destiny Davis,1971-06-08
Ella Williams,1997-10-29
Hayden White,1973-11-03
Ethan Robinson,1975-11-18
Camila Garcia,1972-09-14
Isla Harris,1994-05-31
Bella Reed,2005-07-28
Austin Taylor,2007-07-15
Damien White,1975-03-16
Evan Harris,1994-04-21
Abigail Peterson,1987-10-03
Iris Harris,1994-04-21
Yuki Kato,1978-04-18
Caleb Wright,1994-01-29
Brooklyn Mitchell,1992-01-24
Charlotte Brown,2006-09-09
Cole Baker,1971-12-18
Danielle Reed,2005-07-28
Sora Fujimoto,2005-03-01
Bianca Peterson,1987-10-03
Olivia Turner,2002-02-08
Dylan Baker,1971-12-18
Caitlin Turner,2005-10-24
Charlotte Campbell,1990-11-30
Fernando Harris,1994-04-21
Hudson Taylor,1979-05-01
Hiroshi Yamamoto,2002-12-07
Maria Delgado,1993-04-15
Ella Brown,1978-08-27
Gemma Hayes,1989-12-10
Hayden Davis,1971-06-08
Claire Anderson,1982-03-21
Logan Taylor,1977-09-07
Ian Davis,1988-02-22
Sophia Robinson,1978-02-18
Lucia Hernandez,1990-05-24
Frances Carter,1998-04-19
Ava Smith,2003-01-12
Isabella Castillo,2008-01-13
Destiny Lewis,1973-02-06
Bryce Harris,1980-03-02
Hailey Lewis,1973-08-15
Eli Lewis,1973-08-15
Aya Takahashi,1986-02-11
Henry Harris,1996-03-22
Chloe Martinez,1999-01-05
Ella Hill,2023-12-03
Anthony Turner,1986-10-07
Grace Robinson,1980-10-02
Hudson Martin,1977-09-04
Jackson King,1996-07-09
Mei Suzuki,2005-03-19
Bailey Reed,2009-03-13
Emily Mitchell,1985-04-12
Mason Miller,1991-08-30
Donovan White,1973-11-03
Bella Taylor,2001-09-09
Isla Carter,1998-04-19
Gabriela Perez,1977-01-19
Bennett Taylor,1979-05-01
Addison Davis,1985-04-06
Noah Adams,1971-01-09
Griffin Bennett,1990-09-01
Ella Harris,1989-10-08
Valentina Fuentes,1976-06-23
Henry Lewis,1977-12-12
Valentina Santiago,1999-10-02
Isla Lewis,1974-03-09
Devin Turner,2008-04-16
Brooke Turner,1998-11-23
Delilah Robinson,2005-10-14
Emily Lewis,1974-03-09
Graham Martin,1977-09-04
Bradley Carter,1984-06-29
Grace Miller,1974-08-20
Finley Foster,1993-06-14
Iris Foster,1994-02-04
Liam Turner,2010-03-01
Chloe Reed,2005-07-28
Javier Alvarez,1973-02-01
Caitlin Martin,1990-09-28
Scarlett Turner,1993-06-24
Damien Foster,1993-06-14
Cooper Turner,1970-08-14
Graham Foster,1997-01-07
Anthony Miller,1974-05-11
Brooklyn Bennett,1979-04-17
Hudson Bennett,1990-09-01
Brandon Garcia,1991-01-13
Bryce Mitchell,1989-06-29
Iris Bennett,1990-09-01
Carter Turner,1982-05-03
Dakota Carter,1976-09-16
Brooklyn Davis,1992-06-09
Genevieve Foster,1981-07-30
Lucas Castillo,1992-02-08
Audrey Harris,1988-06-25
Donovan Turner,2001-07-15
Ella Martinez,1970-11-07
Courtney Harris,1992-06-09
Dylan Taylor,2001-09-09
Emily Carter,1976-09-16
Gavin Turner,1970-08-14
Hazel Harris,1994-05-31
Charlotte Taylor,2001-09-09
Felicity Turner,2000-11-15
Harmony Hayes,1989-12-10
Isabelle Turner,1999-03-21
Isaac Foster,1995-11-25
Evan Davis,1999-05-27
Shay Shay,1982-01-22
Alexis Thompson,1990-05-14
Daniel Santos,1984-02-01
Gavin Lewis,1973-08-15
Oliver Harris,1997-01-05
Alexander Thompson,2002-08-18
Addison Wright,2004-08-11
Dakota Nelson,2000-12-03
Farrah Bennett,1989-04-26
Hannah Davis,1988-02-22
Connor Harris,1996-03-22
Dominic Brown,1978-08-27
Finley Baker,1971-12-18
Frances Anderson,1982-03-21
Brayden Harris,1994-05-31
Alex Turner,1993-08-06
Haruka Kato,2007-04-29
Bryce Lewis,1973-02-06
Emily Turner,2002-09-03
Erin Lewis,1978-11-22
Mia Anderson,1997-08-09
Christopher Foster,1995-11-25
Ivy Thompson,2002-08-18
