Name,Date
Cassidy Mitchell,1992-01-24
Gabriella Mitchell,2008-09-12
Eric Turner,2001-07-15
Farrah Foster,1997-01-07
Ian Davis,1988-02-22
Taro Nakamura,1992-08-14
Evelyn Wright,2007-08-11
Colton Davis,1999-05-27
Isaiah Taylor,2001-09-09
Chloe Bennett,1989-04-26
Hunter Miller,1971-10-08
Aya Yamada,2006-11-06
Freya Hayes,1989-12-10
Holden Taylor,2007-07-15
Christian White,1973-11-03
Daisy Carter,1998-04-19
Audrey Robinson,1977-12-12
Isla Peterson,1987-10-03
Emily Carter,1976-09-16
Aria Turner,1990-04-23
Gabrielle Peterson,1987-10-03
Mia Moore,1974-08-29
Alex Reynolds,1983-04-25
Oliver Hill,1991-07-25
Hunter Smith,1980-02-22
Ivan Mitchell,1989-06-29
Brayden Turner,2008-04-16
Delaney Mitchell,1992-01-24
Ella Martinez,1970-11-07
Emily King,1992-11-19
Sofia Hernandez,1990-06-12
Addison Turner,1974-03-09
Gwendolyn Williams,1997-10-29
Benjamin Mitchell,1985-04-12
Aiden Harris,1996-03-22
Caleb White,1975-03-16
Liam Anderson,2005-07-16
Mateo Rios,1981-04-29
Frances Carter,1998-04-19
Hayden Reed,2009-03-13
Delilah Wright,2007-08-11
Delilah Brown,2006-09-09
Mia Robinson,1980-09-12
Elizabeth Anderson,1982-03-21
Haruhiro Ishikawa,1977-06-12
Austin Robinson,1975-10-18
Cooper Brown,1978-08-27
Camila Diaz,1980-07-17
Chloe Smith,1993-11-30
Oliver King,1973-12-20
Hunter Turner,1976-07-20
Charlotte Campbell,1990-11-30
Ivy Wright,2007-08-11
Valentina Rodriguez,2005-12-07
Flynn Davis,1992-06-09
Griffin Martin,1990-09-28
Emily Taylor,2001-09-09
Isabelle Foster,1981-07-30
Hazel Robinson,2005-10-24
Ivy Carter,1976-09-16
Benjamin Hill,2009-10-07
Ethan Davis,1971-06-08
Faith Carter,1976-09-16
Destiny Lewis,1973-02-06
Dylan Baker,1971-12-18
Zoey Adams,1995-11-06
Harper Bennett,1979-04-17
Mason Robinson,1991-03-10
Sophia Clark,2007-12-19
Danielle Turner,2005-10-24
Oliver Walker,2001-09-29
Carter Walker,1996-08-07
Colin Taylor,1979-05-01
Diego Alonso,1980-09-13
Liam Walker,1996-10-18
Brianna Harris,1992-06-09
Andrew Turner,1976-07-20
Amelia White,2006-02-03
Hayden Taylor,2001-09-09
Miguel Ramirez,2009-03-03
Ian Brown,1978-08-27
Hannah Turner,1998-11-23
Akihiro Yamamoto,2005-10-16
Emily Martinez,1986-11-14
Hudson Martin,1977-09-04
Evan Robinson,1972-12-07
Abigail Peterson,1987-10-03
Faith Lewis,1973-02-06
Bailey Turner,2005-10-24
Destiny Foster,1975-11-18
Frances Harris,1988-06-25
Evan Turner,2001-07-15
Mateo Lopez,1997-08-15
Aiden Robinson,1982-01-22
Ella Robinson,1977-12-12
Lucia Ortega,2003-11-28
Catherine Carter,1998-04-19
Brandon White,1975-03-16
Eric Martin,1977-09-04
Zoey Miller,1979-05-24
Isabella Ramirez,1985-11-02
Ivy Baker,1971-12-18
Andres Rojas,1991-01-29
Felix Lewis,1974-03-09
Sophia King,2002-12-11
Olivia Davis,1979-06-18
Christopher Robinson,1972-12-07
Noah Walker,2001-06-18
Harrison Garcia,1991-01-13
Eli Turner,1982-05-03
Jackson Adams,2000-01-09
Emma Vasquez,1987-05-05
Bradley Martinez,1977-07-15
Camila Montoya,2002-09-03
Akira Yamada,1988-05-03
Bennett Foster,1993-06-14
Sebastian Rivas,2005-09-29
Lucas Taylor,1986-04-29
Jackson Moore,2002-01-09
Eli Lewis,1973-08-15
Harrison Martinez,1977-07-15
Daisy Turner,2000-04-08
Yuka Nakamura,2004-07-28
Holden Foster,1997-01-07
Emi Suzuki,1974-04-29
Takumi Sato,2005-10-16
Hayden Carter,1984-06-29
Ana Ramirez,1990-06-05
Isabella Brown,2006-09-09
Finley Foster,1993-06-14
Brianna Williams,1997-10-29
Henry Harris,1996-03-22
Zoey White,2010-09-10
Caleb Wright,1994-01-29
Benjamin Robinson,1972-12-07
Freya Harris,1994-05-31
Ian Reynolds,1983-04-25
Connor Harris,1996-03-22
Aiden Walker,1994-08-07
Thomas Anderia,2023-12-02
Scarlett Scott,2009-10-02
Haruka Watanabe,1991-10-08
Chloe Harris,2000-08-25
Isabelle Nelson,2000-12-03
William Turner,2003-03-02
Daniel Campbell,1990-11-30
Henry Davis,1989-07-28
Declan Harris,1996-03-22
Isaac Lewis,2008-04-16
Eric White,1975-03-16
Alice Taylor,1989-02-13
Flynn Turner,2002-09-03
Isaiah White,1973-11-03
Christopher Ranoldo,2023-12-02
Aria Smith,2011-04-03
Hunter White,1975-03-16
Riku Miyamoto,1986-04-29
Freya Wright,2007-08-11
Gabriela Luna,1978-01-13
Sophia Walker,1996-12-19
Giselle Turner,1991-01-03
Isabella Silva,1982-07-28
Henry Turner,1994-03-17
Erin Foster,1997-01-07
Scarlett Turner,1993-06-24
Oliver Harris,1997-01-05
Freya Foster,1981-07-30
Bianca Peterson,1987-10-03
Riku Yamada,1982-01-22
Aoi Kato,2005-05-12
Ethan Harris,1996-03-22
Noah White,1996-12-03
Grayson Mitchell,1989-06-29
Damien White,1975-03-16
Claire Hayes,1989-12-10
Isaac Walker,1996-08-07
Isaiah Foster,1997-01-07
Ella Walker,1979-09-13
Benjamin Taylor,1999-03-21
Felix Turner,1990-09-01
Finn Turner,1976-10-07
Alexander Turner,1970-08-14
Yuna Ishikawa,1985-11-22
Harmony Hayes,1989-12-10
Bianca Robinson,2005-10-24
Cassidy Turner,2001-07-15
Destiny Turner,2000-11-15
Dakota Carter,1976-09-16
Danielle Davis,1992-06-09
Olivia Turner,2002-02-08
Brian Davis,1999-05-27
Grayson White,1975-03-16
Cooper Martin,1980-03-02
Bennett Turner,2001-07-15
Gabriel Turner,1982-05-03
Mia Walker,1990-04-12
Brandon Martin,1977-09-04
Dakota Turner,1976-07-20
Ariana Carter,2007-04-19
Franklin Lewis,2008-04-16
Blake Campbell,1990-11-30
Samuel Walker,1982-03-03
Yui Nakamura,2006-02-01
Rina Yamashita,2009-10-07
Emma Walker,2005-08-30
Ian Garcia,1991-01-13
Iris Bennett,1990-09-01
Liam Harris,1999-08-19
Ivan Taylor,2007-07-15
Bethany Carter,2005-10-14
Dylan Turner,1998-11-23
Yui Miyazaki,1994-04-15
Cassidy Thompson,2002-08-18
Bennett Martin,1980-03-02
Valentina Santiago,1999-10-02
Cassidy Robinson,2003-07-04
Gabrielle Robinson,2005-10-14
Aidan Harris,1972-01-26
Miguel Lopez,1994-04-10
Valentina Fernandez,2004-12-13
Chloe Davis,1988-02-22
Harper Turner,1974-03-09
Ethan Garcia,1991-01-13
Isaiah Turner,2001-07-15
Javier Soto,1972-01-22
Aaron Walker,1996-08-07
Hudson Turner,1982-05-03
Zoey Robinson,2000-10-18
Austin Foster,1993-06-14
Cooper Turner,1970-08-14
Flynn Miller,1971-10-08
Derek Bennett,1979-09-23
Brooke Harris,1988-06-25
Isla Harris,1994-05-31
Scarlett Smith,1984-01-29
Abigail Turner,2001-04-27
Emma Mendez,2006-05-24
Ivy Robinson,1977-12-12
Logan Hill,1999-08-25
Felicity Turner,2000-11-15
Diego Perez,1993-04-01
Sofia Montoya,1994-08-19
Caleb Walker,2003-08-24
Abigail Lewis,1974-03-09
Jackson Robinson,2009-08-28
Greyson Smith,1980-02-22
Gemma Davis,1986-03-31
Ella Williams,1997-10-29
Felix Miller,1971-10-08
Isabella Clark,1977-10-17
Beth Turner,2000-04-08
Valentina Fuentes,1976-06-23
Yuta Kimura,1999-02-11
Greyson Reed,2009-03-13
Hailey Turner,2000-11-15
William Carter,2006-09-10
Hope Peterson,1987-10-03
Ella Turner,1995-03-19
Ethan Robinson,1975-11-18
Ryota Yamaguchi,1992-12-07
Ivan Foster,1993-06-14
Isaiah Martin,1990-09-28
Destiny Hayes,1989-12-10
Gwendolyn Lewis,1973-02-06
Donovan Turner,2001-07-15
Hiroshi Tanaka,1998-04-15
Henry Moore,1973-07-02
Isaiah Miller,1974-05-11
Addison Robinson,2004-05-28
Camila Santos,1996-08-15
Gavin Martinez,1977-07-15
Chloe Walker,2008-04-29
Isla Anderson,1982-03-21
Farrah Robinson,2005-10-14
Kenta Watanabe,2004-09-10
Harmony Turner,1999-03-21
Daniel Martinez,1982-09-28
Fiona Peterson,1987-10-03
Hannah Mitchell,1992-01-24
Isabelle Mitchell,1992-01-24
Bennett Taylor,1979-05-01
Brooke Turner,1998-11-23
Yuki Ishikawa,2010-09-10
Austin Turner,2002-09-03
Caroline Foster,1975-11-18
Ella Brown,1978-08-27
Dylan Carter,1984-06-29
Ashley Foster,1997-01-07
Olivia Clark,2008-02-18
Yui Kobayashi,1975-08-15
Brandon Foster,1994-02-04
Farrah Davis,1985-04-06
Felix Davis,1999-05-27
Genevieve Lewis,1973-08-15
Bailey Mitchell,2008-09-12
Ava Campbell,2001-11-30
Florence Thompson,1992-05-14
Caitlin Martin,1990-09-28
Brooklyn Davis,1992-06-09
Sakura Yamada,1976-05-14
Hazel Bennett,1989-04-26
Genevieve Robinson,2003-07-04
Noah Anderson,2002-12-07
Ariana Williams,1997-10-29
Blake Brown,1978-08-27
Iris Hayes,1989-12-10
Georgia Robinson,2002-09-03
Anthony Turner,1986-10-07
Erin Peterson,1987-10-03
Flynn Reed,2009-03-13
Courtney Lewis,1978-11-22
Daniel Anderson,1989-01-14
Cameron Lewis,1973-08-15
Caleb Wilson,1980-03-08
Hailey Reed,2005-07-28
Daniel Santos,1984-02-01
William White,1978-08-26
Evan Foster,1995-11-25
Bradley Lewis,1973-08-15
Henry Lewis,1977-12-12
Cooper Bennett,1990-09-01
Frances Anderson,1982-03-21
Griffin Foster,1997-01-07
Harrison Harris,1994-04-21
Ava Martinez,2005-02-08
Emma Bennett,2005-10-24
Rina Yamaguchi,2007-09-21
Lucas Davis,1994-01-19
Greyson Miller,1974-05-11
Alejandro Navarro,1975-02-11
Addison Davis,1985-04-06
Jackson Harris,1998-06-18
Gavin Lewis,1973-08-15
Caitlin Turner,2005-10-24
Benjamin King,2001-07-26
Freya Bennett,1990-09-01
Lucas Torres,2009-10-30
Aya Takahashi,1986-02-11
Donovan White,1973-11-03
Griffin Bennett,1990-09-01
Isabelle Robinson,2003-07-04
Zoey Taylor,1995-07-09
Ivy Lewis,1973-08-15
Lucas Turner,2009-04-06
Brooklyn Mitchell,1992-01-24
Claire Anderson,1982-03-21
Ava Moore,1996-06-11
Ellie Mitchell,2008-09-12
Logan Walker,1991-03-30
Daniel Davis,1999-01-19
Damien Mitchell,1989-06-29
Gabrielle Turner,1999-03-21
Derek Taylor,1979-05-01
Mei Yamashita,1992-10-16
Gabrielle Lewis,1974-03-09
Caleb Clark,2007-05-14
Grace Carter,1998-04-19
Aya Kobayashi,1998-10-30
Danielle Martin,1990-09-28
Claire Turner,2008-04-16
Zoey Smith,1983-12-18
Alexis Bennett,1979-04-17
Yuki Ito,1990-04-12
Ava Miller,1971-10-08
Anthony White,1973-11-03
Sora Suzuki,2009-08-28
Emma Lewis,1973-02-06
Ella Taylor,1975-08-15
Flynn Carter,1984-06-29
Lucas Castillo,1992-02-08
Destiny Mitchell,2008-09-12
Sofia Lara,1987-04-06
Cooper Harris,1982-01-26
Takumi Suzuki,2023-12-03
Annabelle Reed,2002-07-28
Fernando Robinson,1972-12-07
Bella Taylor,2001-09-09
Brooklyn Bennett,1979-04-17
Lily Robinson,2005-07-16
Delaney Robinson,2003-07-04
Aaron Foster,1995-11-25
Nicolas Castillo,2002-08-19
Takashi Yamamoto,2007-02-08
Devin Anderson,1982-03-21
Hazel Anderson,1982-03-21
Mason Harris,1993-02-27
Nao Suzuki,2009-03-19
Addison Carter,1984-06-29
Bryce Turner,2001-07-15
Isabelle Lewis,1978-11-22
Finley Mitchell,1989-06-29
Juan Vargas,2008-07-03
Miguel Silva,2003-05-05
Damien Harris,1980-03-02
Blake Bennett,1990-09-01
Aiden Turner,2004-09-10
Alexander Baker,1971-12-18
Fiona Mitchell,1992-01-24
Flynn Taylor,1979-05-01
Bella Reed,2005-07-28
Maria Delgado,1993-04-15
Ella Thompson,1992-05-14
Erin Turner,1991-01-03
Franklin Martinez,1977-07-15
Sakura Nakamura,2009-11-03
Kaede Ogawa,2010-03-19
Ryota Sato,2010-11-17
Isabella Miller,1971-10-08
Lily Turner,2009-09-13
Henry Robinson,2008-01-29
Isabella Hill,2004-11-13
Amelia Rodriguez,1995-04-12
Grace Miller,1974-08-20
Javier Gutierrez,1971-10-27
Gemma Anderson,1982-03-21
Greyson Taylor,2001-09-09
Bailey Carter,1984-06-29
Bella Smith,2003-01-12
Ava Robinson,1971-06-08
Dominic Brown,1978-08-27
Hudson Taylor,1979-05-01
Derek Miller,1971-10-08
Harmony Williams,1997-10-29
Daisy Harris,1994-05-31
Haruhiro Yamaguchi,1989-04-06
Ariana Turner,1999-06-11
Maria Guerrero,1984-04-29
Graham Taylor,2007-07-15
Bryce Mitchell,1989-06-29
Brayden Baker,1971-12-18
Carter Turner,1982-05-03
Yui Nakajima,2004-11-13
Gwendolyn Davis,1988-02-22
Mason Miller,1991-08-30
Haruhiro Kato,2006-06-05
Gregory Bennett,1979-09-23
Grace Robinson,1980-10-02
Hannah Davis,1988-02-22
Elizabeth Lewis,1974-03-09
Sora Ishikawa,1996-12-03
Zoey Turner,1994-02-01
Evan White,1973-11-03
Ian Turner,1982-05-03
Ella Harris,1989-10-08
Benjamin Lewis,1974-03-09
Andrew White,1975-03-16
Grace Harris,1985-05-12
Hayden Turner,2001-07-15
Eric Carter,1984-06-29
Nao Sasaki,2006-10-16
Chloe Reed,2005-07-28
Hailey Wright,2007-08-11
Delilah Lewis,1974-03-09
Dexter Smith,1980-02-22
Christopher Lewis,1973-08-15
Brayden Harris,1994-05-31
Emily Walker,2004-12-08
Fiona Turner,1999-03-21
Destiny Harris,1988-06-25
Sakura Kobayashi,1974-08-07
Noah Harris,2003-02-18
Devin Harris,1992-06-09
Ivan White,1975-03-16
Connor Martinez,1977-07-15
Liam Brown,2000-11-15
Charlotte Taylor,2001-09-09
Blake Turner,2002-09-03
Maria Lopez,2008-07-10
Brandon Garcia,1991-01-13
Ella Adams,1987-01-19
Isaac Bennett,1989-04-26
Freya Davis,1988-02-22
Benjamin Harris,1982-01-26
Yuki Sato,1987-09-29
Hailey Lewis,1973-08-15
Farrah Reed,2005-07-28
Samuel Harris,2005-08-15
Grace Turner,1974-03-09
Caitlin Foster,1981-07-30
Bianca Foster,1981-07-30
Bailey Thompson,1992-05-14
Emily Mitchell,1985-04-12
Griffin Brown,1978-08-27
Sophia Adams,1987-04-24
Aaron Davis,1986-03-31
Mei Yamamoto,1987-09-29
Hayden Thompson,2002-08-18
Hana Yamamoto,1982-05-03
Brayden Smith,1980-02-22
Frederick Thompson,2002-08-18
Eli Thompson,2002-08-18
Mei Suzuki,2005-03-19
Kaito Sato,1993-11-14
Gavin Harris,1994-04-21
Amelia Davis,1992-06-09
Devin Lewis,1973-08-15
Harrison Robinson,1972-12-07
Isabella Bennett,1990-09-01
Bella Foster,1997-01-07
Claire Harris,1988-06-25
Adam Harris,1987-04-01
Elizabeth Turner,2000-04-08
Caitlin Peterson,1987-10-03
Mason Turner,2008-02-01
Dominic Foster,1994-02-04
chc ,2023-12-03
Mason Hill,1997-10-07
Blake Davis,1985-04-06
Sophia Robinson,1978-02-18
Grace Campbell,1990-11-30
Cameron Garcia,1991-01-13
Carter Smith,1980-02-22
Amelia Hayes,1989-12-10
Courtney Turner,1991-01-03
Henry Anderson,1990-01-11
Colin Bennett,1987-04-01
Oliver Adams,1992-08-25
Ashley Reed,2009-03-13
Henry Walker,2008-01-29
Gabriel Reynolds,1983-04-25
Franklin White,1975-03-16
Aaron Robinson,1972-05-20
Ethan Walker,1996-08-07
Aiden Smith,1980-02-22
Adam Turner,2001-07-15
Alejandro Gonzalez,2001-03-24
Logan Garcia,2003-12-07
Bella Robinson,1971-06-08
Colin Lewis,1974-03-09
Iris Foster,1994-02-04
Isla Carter,1998-04-19
Henry Hill,2004-05-05
Mia Davis,2005-10-16
Mason Walker,2009-11-13
Catherine Davis,2005-10-14
Olivia Walker,1975-11-28
Daniel Serrano,1974-03-19
Iris Robinson,2005-10-24
Austin Mitchell,1996-09-05
Emily Bennett,1990-09-01
Ian Williams,1997-10-29
Ian Carter,1984-06-29
Emma Robinson,2005-10-24
Andrew Davis,1971-07-25
Evan Harris,1994-04-21
Jackson Wilson,1973-10-26
Delaney Thompson,2002-08-18
Yuto Kobayashi,1989-05-26
Brayden Taylor,2007-07-15
Emily Reed,2009-03-13
Dakota Lewis,1978-11-22
William Robinson,2006-06-05
Emma Harris,1994-05-31
Brooklyn Harris,1994-05-31
Fiona Harris,1994-05-31
Eli Smith,1980-02-22
Gavin Turner,1970-08-14
William Harris,1987-02-01
Greyson Turner,1976-07-20
Yuki Kobayashi,2007-12-19
Farrah Turner,2001-07-15
Eli Bennett,1979-09-23
Hiroshi Kato,1992-10-16
Rina Yamamoto,2008-09-10
Hana Ogawa,1995-02-18
Brianna Bennett,1990-09-01
Elijah Reynolds,1983-04-25
Chelsea Robinson,1977-12-12
Hayden Davis,1971-06-08
Faith Campbell,1990-11-30
Sophia White,2002-03-14
Isla Turner,1991-01-03
Ellie Turner,1998-11-23
Hiroshi Watanabe,1984-02-27
Bradley Harris,1996-03-22
Aoi Ito,1995-04-23
Jackson Hill,1976-06-01
Felicity Brown,2006-09-09
Noah Robinson,2006-06-23
Chloe Martinez,1999-01-05
Hiroshi Yamamoto,2002-12-07
Jackson Miller,1976-11-14
Caroline Carter,1976-09-16
Yuka Watanabe,1989-07-28
Shay Shay,1982-01-22
Isabella Robinson,2005-10-14
Sora Yamaguchi,2008-04-29
Georgia Mitchell,1992-01-24
Hailey Davis,1985-04-06
Lily Adams,2001-12-19
Brian Harris,1994-04-21
Donovan Foster,1995-11-25
Fiona Foster,1980-03-02
Samuel Turner,1998-06-24
Isaac Martinez,1977-07-15
Felicity Bennett,1979-04-17
Damian Robinson,1972-12-07
Catherine Williams,1997-10-29
Gabrielle Wright,2007-08-11
Taro Suzuki,1973-12-20
Liam Adams,1998-10-30
Daisy Foster,1997-01-07
Audrey Harris,1988-06-25
Isabella Mitchell,2008-09-12
Garrett Foster,1995-11-25
Carter Reed,2009-03-13
Hunter Foster,1993-06-14
Griffin White,1973-11-03
Holden Reynolds,1983-04-25
Ivy Martin,1977-09-04
Finley Baker,1971-12-18
Brooke Anderson,1982-03-21
Hudson Bennett,1990-09-01
Logan Smith,2007-09-21
Christopher Harris,1994-04-21
Daisy Bennett,1989-04-26
Grace Walker,2009-03-19
Gabrielle Brown,2006-09-09
Harrison Lewis,2008-04-16
Gabrielle Bennett,1990-09-01
Lily Martinez,1996-12-19
Hunter Bennett,1990-09-01
Emily Lewis,1974-03-09
Valeria Ortega,1989-11-22
Ren Yamamoto,1976-05-14
Gabriela Rios,1986-02-11
Yuna Nakamura,2009-03-03
Isabella Mendoza,1992-06-24
Lucas Garcia,1989-06-18
Franklin Taylor,2007-07-15
Alexander Thompson,2002-08-18
George Foster,1994-02-04
Franklin Martin,1977-09-04
Carter Mitchell,1989-06-29
Daisy Smith,2003-01-12
Ren Ito,1991-06-12
Noah Adams,1971-01-09
Damien Turner,1994-03-17
Liam Moore,1997-10-27
dan dan,1982-01-22
Kaito Saito,1998-08-25
Christopher Turner,1999-03-21
Cameron Turner,1976-07-20
Ivy Thompson,2002-08-18
Delaney Bennett,1987-04-01
Andres Flores,2004-03-19
Ava Walker,1977-11-17
Alexander Martinez,1977-07-15
Gabriela Perez,1977-01-19
Ivy Campbell,1990-11-30
Andrew Garcia,1991-01-13
Ren Yoshida,1977-09-13
Flynn Lewis,1974-03-09
Adrian Hernandez,1978-12-30
Bailey Miller,1971-10-08
Aiden Clark,1978-06-17
Alejandro Vasquez,1992-09-28
Isabella Harris,1978-10-27
Bradley Carter,1984-06-29
Alexander Lewis,1973-02-06
Genevieve Thompson,2002-08-18
Finley Martin,1990-09-28
Jackson King,1996-07-09
Elizabeth Miller,1974-05-11
Benjamin Martinez,2006-05-14
Ella Lewis,2023-12-03
Gabriel Harris,1982-01-26
Noah Turner,2003-05-24
Carter Taylor,2007-07-15
Anthony Miller,1974-05-11
Georgia Nelson,2000-12-03
Mia Anderson,1997-08-09
Bryce Harris,1980-03-02
Danielle Reed,2005-07-28
Camila Jimenez,1998-05-14
Diego Molina,1981-08-07
Graham Baker,1971-12-18
Destiny Davis,1971-06-08
Isla Davis,1986-03-31
Alice Turner,2008-04-16
Graham Foster,1997-01-07
Alyssa Anderson,1992-03-21
Erin Lewis,1978-11-22
Heidi Lewis,1973-08-15
Greyson Robinson,2002-09-03
Isaac Davis,1999-05-27
Georgia Carter,1976-09-16
Alex Turner,1993-08-06
Destiny Robinson,2002-09-03
Christian Lewis,1973-02-06
Gabriella Turner,1998-11-23
Frederick Bennett,1979-09-23
Lily Davis,1994-10-27
Ava Hill,2004-07-28
Damien Martin,1977-09-04
Caleb Turner,2002-09-08
Gabriel Miller,1971-10-08
Ivy Smith,2003-01-12
Sofia Jimenez,1977-06-12
Gemma Hayes,1989-12-10
Freya Robinson,1977-12-12
Oliver Davis,1999-05-24
Ellie Bennett,1979-04-17
Chloe Turner,2005-10-24
Mateo Reyes,1989-09-22
Liam Turner,2010-03-01
Griffin Walker,1996-08-07
Kaede Ishikawa,1999-06-12
Ian Harris,1982-01-26
Carter Carter,1984-06-29
Finley Turner,1970-08-14
Mei Kobayashi,1979-05-24
Brianna Martin,1990-09-28
Hana Kobayashi,2000-02-01
Ava Anderson,1975-02-15
Jackson Turner,1977-07-28
Sora Fujimoto,2005-03-01
Aoi Suzuki,1991-11-13
Colton Turner,2002-09-03
Isabella Castillo,2008-01-13
Ariana Lewis,1973-08-15
Ava Lewis,1978-11-22
Destiny Martinez,1977-07-15
Ryota Yamamoto,1981-07-17
Anthony Smith,1990-10-11
Emma Turner,1974-03-09
Benjamin Turner,1982-05-03
Harrison Davis,1988-02-22
Dylan Mitchell,1985-04-12
Flynn White,1973-11-03
Colin Miller,1971-10-08
Audrey Martin,1990-09-28
Aaron Taylor,1999-03-21
Giselle Davis,1985-04-06
Ivan Davis,2002-09-03
Amelia Carter,2005-10-14
Finley Brown,1978-08-27
Dylan Taylor,2001-09-09
Damien Taylor,2007-07-15
Giselle Smith,2003-01-12
Evan Martinez,1977-07-15
Devin Davis,1985-04-06
Isabelle Turner,1999-03-21
Yuna Watanabe,1979-09-13
Lucia Perez,2003-12-29
Hope Foster,1995-11-25
Ashley Turner,1984-03-19
Abigail Foster,1981-07-30
emma hill,2023-12-03
Lucia Hernandez,1990-05-24
Harper Brown,1978-08-27
Mia Turner,1991-05-14
Genevieve Foster,1981-07-30
Charlotte Brown,2006-09-09
Bradley Reynolds,1983-04-25
Ella Davis,1988-02-22
Ethan Turner,1999-03-21
Garrett Harris,1996-03-22
Bella Davis,1988-02-22
Emily Adams,1992-02-18
Clara Nelson,2000-12-03
Brooke Hayes,1989-12-10
Brayden Walker,1996-08-07
Isaac Harris,1996-03-22
Sofia Gutierrez,2007-11-14
Grace Smith,2005-03-01
Chelsea Turner,2000-11-15
Brayden Miller,1974-05-11
Javier Alvarez,1973-02-01
Eric Bennett,1990-09-01
Bailey Nelson,2000-12-03
Chloe Hill,1998-12-20
Ava Turner,2005-10-24
Valeria Castro,1970-10-17
Bethany Robinson,1977-12-12
Cameron Martin,1977-09-04
Micron Delles,2023-12-03
Gabrielle Reed,2005-07-28
Chloe Robinson,1971-06-08
Aiden King,1979-07-26
Daisy Williams,1997-10-29
Frances Turner,1991-01-03
Sakura Takahashi,2005-11-17
Hazel Smith,2003-01-12
Hayden White,1973-11-03
Alexis Thompson,1990-05-14
Addison Wright,2004-08-11
Isaac Foster,1995-11-25
Daniel Walker,1972-07-17
Oliver Robinson,1976-04-29
Lucas Walker,1989-05-26
Olivia Hill,2005-07-16
Valentina Acosta,1996-03-26
Erin Davis,1986-03-31
Isabella Walker,1981-03-05
Eric Taylor,2007-07-15
Giselle Lewis,1978-11-22
Isabella King,2010-08-13
Delilah Peterson,1987-10-03
Eli Foster,1981-07-30
Brayden White,1973-11-03
Valeria Navarro,1998-02-28
Franklin Davis,1988-02-22
Amelia Turner,2000-11-15
Zoey Davis,1980-10-02
Sakura Ishikawa,2002-11-22
Eric Mitchell,1989-06-29
Emily Robinson,2005-10-14
Christian Turner,1976-10-07
Isabella Vega,1979-11-17
Ren Suzuki,2001-06-18
Hudson Robinson,2002-09-03
Colin Davis,1986-03-31
Ava Smith,2003-01-12
Mia Harris,1978-04-06
Eli Taylor,1979-05-01
Bryce Lewis,1973-02-06
Amelia Foster,2005-01-13
Felicity Nelson,2000-12-03
Benjamin Adams,2009-09-13
Benjamin Clark,1993-03-05
Bella Turner,2002-09-08
Harmony Lewis,1974-03-09
Chelsea Smith,2003-01-12
Alyssa Harris,2008-12-30
Ethan Lewis,1974-03-09
Emma Hill,2023-12-13
Freya Turner,2000-04-08
Allison Mitchell,2008-09-12
Bennett Thompson,2002-08-18
Jackson Walker,2007-02-08
Hope Thompson,1992-05-14
Gemma Bennett,1979-04-17
Ellie Davis,1988-02-22
Finn Smith,1980-02-22
Austin Taylor,2007-07-15
Ava Martin,1978-01-15
Ivan Turner,1976-07-20
Valeria Santos,1971-11-06
Ellie Nelson,2000-12-03
Iris Harris,1994-04-21
Bailey Reed,2009-03-13
Delilah Turner,1999-03-21
Kaito Kobayashi,1999-08-19
Austin Martin,1977-09-04
Brooklyn Robinson,2003-07-04
Delilah Bennett,1979-04-17
Bradley Foster,1975-11-18
Iris Turner,1974-03-09
Brandon Davis,1986-03-31
Caroline Wright,2007-08-11
Chloe Mitchell,1985-04-12
Dexter Turner,1982-05-03
Eric Baker,1971-12-18
Maria Gonzalez,1997-05-14
Ryota Fujita,1986-02-11
Fernando Foster,1995-11-25
Scarlett Harris,2000-09-21
Felix Harris,1996-03-22
Emma Davis,1985-04-06
Brooklyn Wright,2007-08-11
Forgeman Kinderlan,2023-12-02
Scarlett Adams,1988-10-27
Hayes Baker,1971-12-18
Addison Brown,1978-08-27
Adam Bennett,1975-11-18
Cassidy Bennett,1979-04-17
Fernando Harris,1994-04-21
Ethan Taylor,2007-07-28
Adrian Moreno,1991-09-08
Delaney Davis,1988-02-22
Valentina Reyes,1973-02-18
Daniel Brown,1976-10-20
Dominic Reynolds,1983-04-25
Isaac Turner,1994-03-17
Brooke Foster,1997-01-07
Brooklyn Turner,2008-04-16
Hiroki Yamaguchi,1990-07-26
Delilah Reed,2009-03-13
Ava Mitchell,1992-01-24
Ellie Brown,2006-09-09
Ivan Smith,1980-02-22
Hailey Robinson,2005-10-14
Alyssa Turner,1998-11-23
Emma Johnson,1982-09-28
Logan Taylor,1977-09-07
Iris Reed,2009-03-13
Haruka Kato,2007-04-29
Takashi Yoshida,2009-02-03
Erin Mitchell,1992-01-24
Farrah Bennett,1989-04-26
Florence Williams,1997-10-29
Dakota Nelson,2000-12-03
Yuna Yamaguchi,2001-06-18
Riku Yamamoto,2003-08-24
Damien Lewis,1973-08-15
Emma Hayes,1989-12-10
Ethan Miller,1989-07-21
Camila Martinez,2007-05-31
Sofia Gomez,1976-12-20
Freya Mitchell,2008-09-12
Fernando Garcia,1991-01-13
Brian Miller,1971-10-08
Chloe Moore,1971-09-13
Alexander Harris,1994-05-31
Destiny Martin,1980-03-02
Alyssa Davis,1988-02-22
Ava Adams,2005-02-08
Aya Suzuki,2005-10-16
Gemma Harris,1994-05-31
Lily Anderson,1992-10-16
Evan Lewis,2008-04-16
Nao Yamamoto,1999-04-24
Chelsea Davis,1992-06-09
Noah Martinez,1988-05-03
Delaney Turner,2005-10-24
Elijah Foster,1994-02-04
Emily Turner,2002-09-03
Christian Harris,1994-05-31
Gabriella Lewis,1974-03-09
Damian Garcia,1991-01-13
Allison Taylor,2001-09-09
Noah Taylor,1991-12-19
Donovan Walker,1996-08-07
Olivia Harris,2008-06-15
Isabella Reed,2005-07-28
Bennett Davis,1988-02-22
Dominic Lewis,1977-12-12
Brian Turner,1999-03-21
Diego Mendoza,2001-11-06
Gabriel Garcia,1991-01-13
Cameron Foster,1993-06-14
Ivan Robinson,2002-09-03
Fiona Davis,1988-02-22
Devin Turner,2008-04-16
Christopher Reynolds,1983-04-25
Zoey King,1997-12-11
Hudson Mitchell,1989-06-29
Alan Taylor,1979-05-01
Yuki Kato,1978-04-18
Harrison Walker,1996-08-07
Harrison Martin,1990-09-28
Emma Carter,1998-04-19
Frederick Reynolds,1983-04-25
Cole Baker,1971-12-18
Hudson Davis,1999-05-27
Yuto Fujita,2000-01-09
Brianna Lewis,1974-03-09
Cornilious James,2023-12-02
Eric Miller,1971-10-08
Ava Bennett,1989-04-26
Bella Bennett,1989-04-26
Freya Smith,2003-01-12
Natsumi Tanaka,1983-11-22
Chloe Adams,2004-06-12
Hope Davis,1986-03-31
Adrian Sanchez,1995-02-18
Sophia Turner,2003-06-23
Georgia Davis,1971-06-08
Samuel Robinson,1999-06-12
Nicolas Jimenez,1993-04-15
Graham Martin,1977-09-04
Ava Davis,2023-12-03
Emma Anderson,1989-09-03
Alejandro Rios,2008-03-08
Andres Acosta,2006-06-12
Graham Lewis,1977-12-12
Alexis Wilson,2006-09-09
Harmony Nelson,2000-12-03
Evan Davis,1999-05-27
Harper Campbell,1990-11-30
Bella Brown,2006-09-09
Grace Clark,1992-09-22
Dylan Bennett,1990-09-01
Flynn Walker,1996-08-07
Harmony Carter,1976-09-16
Hope Harris,1988-06-25
Cassidy Foster,1997-01-07
Logan Davis,1995-04-23
Lily Harris,1993-11-06
Hazel Harris,1994-05-31
Autumn Nelson,1998-12-03
Nicolas Herrera,2006-02-01
Harper Carter,1998-04-19
Courtney Harris,1992-06-09
Bradley Turner,1994-03-17
Riku Yamashita,1986-01-29
Ethan Adams,1993-07-17
Adrian Taylor,1988-09-08
Fiona Robinson,2005-10-24
Olivia Robinson,1987-12-20
Garrett Turner,2001-07-15
Emi Nakajima,2001-07-03
Isabella Turner,2000-11-15
Farrah Taylor,2001-09-09
Sophia Anderson,2000-01-17
Carter Harris,1980-03-02
Isla Lewis,1974-03-09
Juan Herrera,2006-02-23
Emma Campbell,1990-11-30
Garrett Carter,1984-06-29
Erin Smith,2003-01-12
Damien Foster,1993-06-14
Juan Reyes,1970-08-30
Delilah Robinson,2005-10-14
Christopher Foster,1995-11-25
Camila Garcia,1972-09-14
Emma King,2001-04-23
Hazel Turner,2000-04-08
Andrew Bennett,1990-09-01
Gabriel Robinson,1972-12-07
Delaney Foster,1997-01-07
Lucas Harris,1995-05-12
Mateo Gomez,2004-07-25
Emma Alvarez,1978-12-30
Gabriela Torres,1995-12-20
Ella Hill,2023-12-03
Griffin Davis,2008-04-16
